{
  "avg_delay": {
    "mean": 0.4133620637722644,
    "std": 0.0007462551412264012,
    "ci_95": 0.00026704397267588353,
    "ci_lower": 0.4130950197995885,
    "ci_upper": 0.4136291077449403,
    "min": 0.41184890491154835,
    "max": 0.4147572372375721,
    "all_values": [
      0.4141256237982778,
      0.41435528380580333,
      0.4138188213131655,
      0.41331244630842084,
      0.41327616128634204,
      0.4126004869592234,
      0.41403568271872315,
      0.4121215776042192,
      0.4121525867771998,
      0.4133278811940491,
      0.4135622757132089,
      0.4136238608799845,
      0.41450277615772607,
      0.41242543387373953,
      0.4147572372375721,
      0.41184890491154835,
      0.41335865791686627,
      0.4129342643367994,
      0.41344925586769055,
      0.4126703588855956,
      0.4133638273238732,
      0.4129351350353449,
      0.41378651256634247,
      0.4131861289245651,
      0.4138603009792167,
      0.4133447935930617,
      0.4145138685181588,
      0.41223909817191007,
      0.4140399307787836,
      0.41333273973052376
    ]
  },
  "p95_delay": {
    "mean": 0.48263649036595424,
    "std": 0.002129126781864441,
    "ci_95": 0.0007618982339274832,
    "ci_lower": 0.48187459213202677,
    "ci_upper": 0.4833983885998817,
    "min": 0.4787187439720295,
    "max": 0.48779118263379734,
    "all_values": [
      0.4844954671197196,
      0.48598332500152835,
      0.4840110558453933,
      0.48332042002737374,
      0.483944547661556,
      0.4804802816288541,
      0.4832182211467213,
      0.4789013993227163,
      0.48307715238007637,
      0.47956616462181395,
      0.4838805036001814,
      0.48317307754771055,
      0.4837188914713185,
      0.4807900899072222,
      0.4850372860630163,
      0.47905218996361304,
      0.4829394376005744,
      0.4812116432218166,
      0.4832463827646218,
      0.4787187439720295,
      0.4799401310203817,
      0.4822899150857325,
      0.48303717996068296,
      0.48296290980401374,
      0.4840631483953143,
      0.48100672188261395,
      0.48485303344759373,
      0.48129417173795186,
      0.48779118263379734,
      0.48309003614268703
    ]
  },
  "p99_delay": {
    "mean": 0.51386174953282,
    "std": 0.003479825658694409,
    "ci_95": 0.0012452396195087713,
    "ci_lower": 0.5126165099133113,
    "ci_upper": 0.5151069891523288,
    "min": 0.5062091948953047,
    "max": 0.519649083467987,
    "all_values": [
      0.5190679805337566,
      0.519649083467987,
      0.5187972236362567,
      0.5150256971939615,
      0.514111625778829,
      0.5117986291411624,
      0.511804620710868,
      0.5096630464751086,
      0.5109397452843474,
      0.5118038798193775,
      0.5081356280334455,
      0.5162652032146174,
      0.5136519665608097,
      0.5117688414147258,
      0.5137902472318467,
      0.5142585429561342,
      0.514344237344626,
      0.5185680126538837,
      0.515044652913505,
      0.5062091948953047,
      0.5118611800650891,
      0.516993399431721,
      0.5162511532547976,
      0.5151271676107205,
      0.5122564161112882,
      0.5162411262224985,
      0.5114608235493329,
      0.5071885301028676,
      0.5141897514450213,
      0.5195848789307129
    ]
  },
  "deadline_pct": {
    "mean": 95.56892898307001,
    "std": 1.983299429831153,
    "ci_95": 0.7097145861903625,
    "ci_lower": 94.85921439687965,
    "ci_upper": 96.27864356926037,
    "min": 90.68002349555998,
    "max": 98.3781391402715,
    "all_values": [
      93.99442747672995,
      95.98327430730451,
      98.21637443438914,
      97.05706081881961,
      98.21637443438914,
      98.21637443438914,
      96.00897652758998,
      98.3781391402715,
      94.0746503514583,
      93.5178306395473,
      94.08013310209323,
      95.92525759417936,
      97.89556528294099,
      90.68002349555998,
      93.89956825657703,
      95.56702362653354,
      93.32089069520006,
      92.46009115279595,
      93.027439755107,
      95.53473776548722,
      94.0278641482344,
      94.41578374621164,
      97.21831554280824,
      95.7445569698948,
      95.3948265791168,
      95.44897555230814,
      98.3781391402715,
      96.20781748103391,
      95.9610026064689,
      98.21637443438914
    ]
  },
  "jain_fairness": {
    "mean": 0.9582874857211088,
    "std": 0.0024036834391222496,
    "ci_95": 0.0008601470719297832,
    "ci_lower": 0.957427338649179,
    "ci_upper": 0.9591476327930386,
    "min": 0.9527360561663193,
    "max": 0.96,
    "all_values": [
      0.9555740679455706,
      0.96,
      0.96,
      0.96,
      0.96,
      0.9549494314042812,
      0.9592066494684764,
      0.96,
      0.9540267787423719,
      0.96,
      0.96,
      0.9551710759511498,
      0.96,
      0.96,
      0.96,
      0.957410104822091,
      0.96,
      0.9549118926471167,
      0.9599456834088202,
      0.96,
      0.96,
      0.9527360561663193,
      0.958542880552436,
      0.96,
      0.96,
      0.9569150261050281,
      0.9555229078426408,
      0.9537120165769593,
      0.96,
      0.96
    ]
  },
  "energy_consumption": {
    "mean": 0.099848,
    "std": 1.6000000000007213e-05,
    "ci_95": 5.725526467789917e-06,
    "ci_lower": 0.09984227447353222,
    "ci_upper": 0.09985372552646779,
    "min": 0.09984,
    "max": 0.09988000000000002,
    "all_values": [
      0.09984,
      0.09984000000000001,
      0.09984000000000001,
      0.09984000000000001,
      0.09984000000000001,
      0.09984000000000001,
      0.09988000000000002,
      0.09988000000000002,
      0.09984000000000001,
      0.09988000000000002,
      0.09984,
      0.09984,
      0.09988000000000002,
      0.09984000000000001,
      0.09984000000000001,
      0.09984000000000001,
      0.09988000000000002,
      0.09984,
      0.09984000000000001,
      0.09984000000000001,
      0.09984000000000001,
      0.09984,
      0.09984,
      0.09984,
      0.09984000000000001,
      0.09984,
      0.09988000000000002,
      0.09984,
      0.09984000000000001,
      0.09984
    ]
  },
  "throughput": {
    "mean": 5.852929895849627,
    "std": 0.10634113639758666,
    "ci_95": 0.038053686941185355,
    "ci_lower": 5.814876208908442,
    "ci_upper": 5.890983582790812,
    "min": 5.6264482932781705,
    "max": 6.086611518550064,
    "all_values": [
      5.893191899324273,
      6.086611518550064,
      5.944173532099635,
      5.905562300596974,
      5.786919717850556,
      5.885894688594555,
      5.896376940790697,
      5.6264482932781705,
      5.652569686663473,
      5.748822654365874,
      5.793851477557518,
      5.915453676678601,
      5.965529738096083,
      5.738869337106291,
      6.013305190742732,
      5.697903814276528,
      5.803682970522977,
      5.840741628748115,
      5.851942761530531,
      5.9850340935327,
      5.815956212754208,
      5.763048466296942,
      5.985294890777234,
      5.737034253562684,
      5.786466338889802,
      5.902394488306372,
      5.891169919669475,
      5.828919691355978,
      5.9063837828151575,
      5.938342910154641
    ]
  },
  "load_balance": {
    "mean": 0.02790842492084124,
    "std": 0.0025605021715182936,
    "ci_95": 0.0009162639346159338,
    "ci_lower": 0.026992160986225307,
    "ci_upper": 0.028824688855457175,
    "min": 0.02278742057780466,
    "max": 0.029188676006600394,